business_unit,period,source_metric,management_category,metric_type,actual,budget,forecast,prior_year,variance_to_budget,variance_to_forecast
Capital Markets,2025-04-30,Advisory Fee,Fee / Noninterest Income,Revenue,2.261,2.213,2.253,2.095,0.04800000000000004,0.008000000000000007
Capital Markets,2025-04-30,Operating Expense,Operating Expense,Expense,3.624,3.603,3.641,3.369,0.020999999999999908,-0.016999999999999904
Capital Markets,2025-04-30,Structuring Fee,Fee / Noninterest Income,Revenue,0.77,0.766,0.774,0.719,0.0040000000000000036,-0.0040000000000000036
Capital Markets,2025-04-30,Syndication Fee,Fee / Noninterest Income,Revenue,0.65,0.639,0.656,0.608,0.01100000000000001,-0.006000000000000005
Capital Markets,2025-04-30,Trading Revenue,Trading Revenue,Revenue,1.982,1.973,1.994,1.86,0.008999999999999897,-0.01200000000000001
Capital Markets,2025-04-30,Underwriting Revenue,Fee / Noninterest Income,Revenue,2.651,2.598,2.622,2.462,0.052999999999999936,0.028999999999999915
Capital Markets,2025-05-31,Advisory Fee,Fee / Noninterest Income,Revenue,2.215,2.1515,2.235,2.077,0.06349999999999989,-0.020000000000000018
Capital Markets,2025-05-31,Operating Expense,Operating Expense,Expense,3.55,3.54,3.54,3.307,0.009999999999999787,0.009999999999999787
Capital Markets,2025-05-31,Structuring Fee,Fee / Noninterest Income,Revenue,0.758,0.753,0.76,0.712,0.0050000000000000044,-0.0020000000000000018
Capital Markets,2025-05-31,Syndication Fee,Fee / Noninterest Income,Revenue,0.63,0.638,0.637,0.596,-0.008000000000000007,-0.007000000000000006
Capital Markets,2025-05-31,Trading Revenue,Trading Revenue,Revenue,1.957,1.952,1.977,1.834,0.0050000000000001155,-0.020000000000000018
Capital Markets,2025-05-31,Underwriting Revenue,Fee / Noninterest Income,Revenue,2.595,2.563,2.595,2.397,0.03200000000000003,0.0
Capital Markets,2025-06-30,Advisory Fee,Fee / Noninterest Income,Revenue,2.093,2.09,2.107,1.971,0.0030000000000001137,-0.014000000000000234
Capital Markets,2025-06-30,Operating Expense,Operating Expense,Expense,3.414,3.368,3.365,3.137,0.04600000000000026,0.04899999999999993
Capital Markets,2025-06-30,Structuring Fee,Fee / Noninterest Income,Revenue,0.726,0.72,0.724,0.676,0.006000000000000005,0.0020000000000000018
Capital Markets,2025-06-30,Syndication Fee,Fee / Noninterest Income,Revenue,0.6,0.598,0.603,0.558,0.0020000000000000018,-0.0030000000000000027
Capital Markets,2025-06-30,Trading Revenue,Trading Revenue,Revenue,1.845,1.844,1.853,1.737,0.0009999999999998899,-0.008000000000000007
Capital Markets,2025-06-30,Underwriting Revenue,Fee / Noninterest Income,Revenue,2.45,2.407,2.461,2.286,0.04300000000000015,-0.010999999999999677
Capital Markets,2025-07-31,Advisory Fee,Fee / Noninterest Income,Revenue,2.002,1.956,1.986,1.877,0.04599999999999982,0.015999999999999792
Capital Markets,2025-07-31,Operating Expense,Operating Expense,Expense,3.206,3.144,3.19,2.985,0.06199999999999983,0.016000000000000014
Capital Markets,2025-07-31,Structuring Fee,Fee / Noninterest Income,Revenue,0.68,0.677,0.677,0.646,0.0030000000000000027,0.0030000000000000027
Capital Markets,2025-07-31,Syndication Fee,Fee / Noninterest Income,Revenue,0.573,0.567,0.569,0.537,0.006000000000000005,0.0040000000000000036
Capital Markets,2025-07-31,Trading Revenue,Trading Revenue,Revenue,1.752,1.725,1.757,1.661,0.026999999999999913,-0.004999999999999893
Capital Markets,2025-07-31,Underwriting Revenue,Fee / Noninterest Income,Revenue,2.341,2.31,2.286,2.183,0.03100000000000014,0.05500000000000016
Capital Markets,2025-08-31,Advisory Fee,Fee / Noninterest Income,Revenue,1.951,1.915,1.915,1.827,0.03600000000000003,0.03600000000000003
Capital Markets,2025-08-31,Operating Expense,Operating Expense,Expense,3.12,3.049,3.107,2.929,0.07100000000000017,0.0129999999999999
Capital Markets,2025-08-31,Structuring Fee,Fee / Noninterest Income,Revenue,0.663,0.66,0.661,0.629,0.0030000000000000027,0.0020000000000000018
Capital Markets,2025-08-31,Syndication Fee,Fee / Noninterest Income,Revenue,0.554,0.555,0.555,0.52,-0.0010000000000000009,-0.0010000000000000009
Capital Markets,2025-08-31,Trading Revenue,Trading Revenue,Revenue,1.701,1.699,1.704,1.595,0.0020000000000000018,-0.0029999999999998916
Capital Markets,2025-08-31,Underwriting Revenue,Fee / Noninterest Income,Revenue,2.299,2.247,2.238,2.114,0.052000000000000046,0.06099999999999994
Capital Markets,2025-09-30,Advisory Fee,Fee / Noninterest Income,Revenue,1.988,1.964,2.001,1.895,0.02400000000000002,-0.0129999999999999
Capital Markets,2025-09-30,Operating Expense,Operating Expense,Expense,3.175,3.141,3.211,2.987,0.03399999999999981,-0.03600000000000003
Capital Markets,2025-09-30,Structuring Fee,Fee / Noninterest Income,Revenue,0.685,0.678,0.677,0.641,0.007000000000000006,0.008000000000000007
Capital Markets,2025-09-30,Syndication Fee,Fee / Noninterest Income,Revenue,0.576,0.559,0.568,0.533,0.016999999999999904,0.008000000000000007
Capital Markets,2025-09-30,Trading Revenue,Trading Revenue,Revenue,1.786,1.729,1.739,1.657,0.05699999999999994,0.04699999999999993
Capital Markets,2025-09-30,Underwriting Revenue,Fee / Noninterest Income,Revenue,2.311,2.322,2.31,2.188,-0.01100000000000012,0.0009999999999998899
Capital Markets,2025-10-31,Advisory Fee,Fee / Noninterest Income,Revenue,2.109,2.082,2.094,1.985,0.027000000000000135,0.015000000000000124
Capital Markets,2025-10-31,Operating Expense,Operating Expense,Expense,3.403,3.322,3.347,3.157,0.08099999999999996,0.05600000000000005
Capital Markets,2025-10-31,Structuring Fee,Fee / Noninterest Income,Revenue,0.718,0.717,0.732,0.691,0.0010000000000000009,-0.014000000000000012
Capital Markets,2025-10-31,Syndication Fee,Fee / Noninterest Income,Revenue,0.601,0.59,0.601,0.576,0.01100000000000001,0.0
Capital Markets,2025-10-31,Trading Revenue,Trading Revenue,Revenue,1.871,1.817,1.859,1.753,0.05400000000000005,0.01200000000000001
Capital Markets,2025-10-31,Underwriting Revenue,Fee / Noninterest Income,Revenue,2.497,2.456,2.438,2.3310000000000004,0.040999999999999925,0.05899999999999972
Capital Markets,2025-11-30,Advisory Fee,Fee / Noninterest Income,Revenue,2.252,2.202,2.218,2.107,0.04999999999999982,0.03399999999999981
Capital Markets,2025-11-30,Operating Expense,Operating Expense,Expense,3.592,3.518,3.556,3.344,0.07400000000000029,0.03600000000000003
Capital Markets,2025-11-30,Structuring Fee,Fee / Noninterest Income,Revenue,0.772,0.75,0.766,0.72,0.02200000000000002,0.006000000000000005
Capital Markets,2025-11-30,Syndication Fee,Fee / Noninterest Income,Revenue,0.635,0.634,0.639,0.598,0.0010000000000000009,-0.0040000000000000036
Capital Markets,2025-11-30,Trading Revenue,Trading Revenue,Revenue,1.98,1.955,1.929,1.858,0.02499999999999991,0.050999999999999934
Capital Markets,2025-11-30,Underwriting Revenue,Fee / Noninterest Income,Revenue,2.626,2.588,2.581,2.474,0.03799999999999981,0.04499999999999993
Capital Markets,2025-12-31,Advisory Fee,Fee / Noninterest Income,Revenue,2.279,2.26,2.266,2.126,0.019000000000000128,0.0129999999999999
Capital Markets,2025-12-31,Operating Expense,Operating Expense,Expense,3.665,3.562,3.5460000000000003,3.405,0.1030000000000002,0.11899999999999977
Capital Markets,2025-12-31,Structuring Fee,Fee / Noninterest Income,Revenue,0.781,0.77,0.782,0.745,0.01100000000000001,-0.0010000000000000009
Capital Markets,2025-12-31,Syndication Fee,Fee / Noninterest Income,Revenue,0.66,0.643,0.649,0.613,0.017000000000000015,0.01100000000000001
Capital Markets,2025-12-31,Trading Revenue,Trading Revenue,Revenue,2.018,1.977,2.011,1.878,0.0409999999999997,0.006999999999999673
Capital Markets,2025-12-31,Underwriting Revenue,Fee / Noninterest Income,Revenue,2.691,2.631,2.621,2.511,0.06000000000000005,0.06999999999999984
Capital Markets,2026-01-31,Advisory Fee,Fee / Noninterest Income,Revenue,2.262,2.184,2.212,2.094,0.07799999999999985,0.04999999999999982
Capital Markets,2026-01-31,Operating Expense,Operating Expense,Expense,3.585,3.473,3.536,3.341,0.1120000000000001,0.04899999999999993
Capital Markets,2026-01-31,Structuring Fee,Fee / Noninterest Income,Revenue,0.78,0.75,0.759,0.715,0.030000000000000027,0.02100000000000002
Capital Markets,2026-01-31,Syndication Fee,Fee / Noninterest Income,Revenue,0.641,0.625,0.632,0.603,0.016000000000000014,0.009000000000000008
Capital Markets,2026-01-31,Trading Revenue,Trading Revenue,Revenue,1.996,1.929,1.952,1.855,0.06699999999999995,0.04400000000000004
Capital Markets,2026-01-31,Underwriting Revenue,Fee / Noninterest Income,Revenue,2.619,2.559,2.608,2.441,0.06000000000000005,0.01100000000000012
Capital Markets,2026-02-28,Advisory Fee,Fee / Noninterest Income,Revenue,2.155,2.076,2.11,1.976,0.07899999999999974,0.04499999999999993
Capital Markets,2026-02-28,Operating Expense,Operating Expense,Expense,3.36,3.339,3.338,3.145,0.020999999999999908,0.021999999999999797
Capital Markets,2026-02-28,Structuring Fee,Fee / Noninterest Income,Revenue,0.724,0.719,0.726,0.685,0.0050000000000000044,-0.0020000000000000018
Capital Markets,2026-02-28,Syndication Fee,Fee / Noninterest Income,Revenue,0.613,0.596,0.605,0.57,0.017000000000000015,0.008000000000000007
Capital Markets,2026-02-28,Trading Revenue,Trading Revenue,Revenue,1.887,1.844,1.836,1.747,0.04299999999999993,0.050999999999999934
Capital Markets,2026-02-28,Underwriting Revenue,Fee / Noninterest Income,Revenue,2.482,2.409,2.461,2.316,0.0730000000000004,0.02100000000000035
Capital Markets,2026-03-31,Advisory Fee,Fee / Noninterest Income,Revenue,2.044,1.978,1.975,1.848,0.06600000000000006,0.06899999999999995
Capital Markets,2026-03-31,Operating Expense,Operating Expense,Expense,3.223,3.172,3.21,2.991,0.05099999999999971,0.0129999999999999
Capital Markets,2026-03-31,Structuring Fee,Fee / Noninterest Income,Revenue,0.694,0.673,0.681,0.637,0.020999999999999908,0.0129999999999999
Capital Markets,2026-03-31,Syndication Fee,Fee / Noninterest Income,Revenue,0.573,0.561,0.564,0.53,0.0119999999999999,0.009000000000000008
Capital Markets,2026-03-31,Trading Revenue,Trading Revenue,Revenue,1.785,1.759,1.759,1.637,0.026000000000000023,0.026000000000000023
Capital Markets,2026-03-31,Underwriting Revenue,Fee / Noninterest Income,Revenue,2.346,2.288,2.332,2.168,0.058000000000000274,0.014000000000000234
Capital Markets,2026-04-30,Advisory Fee,Fee / Noninterest Income,Revenue,1.983,1.937,1.95,1.795,0.04600000000000004,0.03300000000000014
Capital Markets,2026-04-30,Operating Expense,Operating Expense,Expense,3.155,3.076,3.113,2.861,0.07899999999999974,0.041999999999999815
Capital Markets,2026-04-30,Structuring Fee,Fee / Noninterest Income,Revenue,0.677,0.666,0.67,0.618,0.01100000000000001,0.007000000000000006
Capital Markets,2026-04-30,Syndication Fee,Fee / Noninterest Income,Revenue,0.561,0.549,0.553,0.517,0.01200000000000001,0.008000000000000007
Capital Markets,2026-04-30,Trading Revenue,Trading Revenue,Revenue,1.746,1.704,1.722,1.587,0.04200000000000004,0.02400000000000002
Capital Markets,2026-04-30,Underwriting Revenue,Fee / Noninterest Income,Revenue,2.312,2.238,2.283,2.127,0.07399999999999984,0.028999999999999915
Capital Markets,2026-05-31,Advisory Fee,Fee / Noninterest Income,Revenue,2.037,1.967,1.999,1.868,0.06999999999999984,0.03799999999999981
Capital Markets,2026-05-31,Operating Expense,Operating Expense,Expense,3.202,3.178,3.172,2.953,0.02400000000000002,0.029999999999999805
Capital Markets,2026-05-31,Structuring Fee,Fee / Noninterest Income,Revenue,0.69,0.679,0.688,0.64,0.010999999999999899,0.0020000000000000018
Capital Markets,2026-05-31,Syndication Fee,Fee / Noninterest Income,Revenue,0.58,0.567,0.574,0.536,0.013000000000000012,0.006000000000000005
Capital Markets,2026-05-31,Trading Revenue,Trading Revenue,Revenue,1.788,1.745,1.753,1.645,0.04299999999999993,0.03500000000000014
Capital Markets,2026-05-31,Underwriting Revenue,Fee / Noninterest Income,Revenue,2.319,2.332,2.349,2.161,-0.0129999999999999,-0.03000000000000025
Capital Markets,2026-06-30,Advisory Fee,Fee / Noninterest Income,Revenue,3.029,2.58,2.58,1.874,0.44899999999999984,0.44899999999999984
Capital Markets,2026-06-30,Operating Expense,Operating Expense,Expense,3.968,3.674,3.674,3.677,0.29400000000000004,0.29400000000000004
Capital Markets,2026-06-30,Structuring Fee,Fee / Noninterest Income,Revenue,1.05,0.885,0.885,0.642,0.16500000000000004,0.16500000000000004
Capital Markets,2026-06-30,Syndication Fee,Fee / Noninterest Income,Revenue,0.879,0.737,0.737,0.535,0.14200000000000002,0.14200000000000002
Capital Markets,2026-06-30,Trading Revenue,Trading Revenue,Revenue,2.699,2.273,2.273,1.651,0.4259999999999997,0.4259999999999997
Capital Markets,2026-06-30,Underwriting Revenue,Fee / Noninterest Income,Revenue,3.598,3.01,3.01,2.186,0.5880000000000001,0.5880000000000001
Commercial Banking,2025-04-30,Deposit Balance,Deposit Balance,Balance,1513.551,1484.205,1501.683,1396.736,29.346000000000004,11.867999999999938
Commercial Banking,2025-04-30,Deposit Fee,Fee / Noninterest Income,Revenue,0.924,0.913,0.934,0.864,0.01100000000000001,-0.010000000000000009
Commercial Banking,2025-04-30,FX Fee,Fee / Noninterest Income,Revenue,0.492,0.481,0.486,0.456,0.01100000000000001,0.006000000000000005
Commercial Banking,2025-04-30,Loan Balance,Loan Balance,Balance,1660.601,1645.54,1654.532,1552.332,15.06100000000015,6.069000000000187
Commercial Banking,2025-04-30,Loan Interest,Net Interest Income,Revenue,5.65,5.578,5.674,5.258,0.07200000000000006,-0.02400000000000002
Commercial Banking,2025-04-30,Merchant Fee,Fee / Noninterest Income,Revenue,1.186,1.162,1.191,1.116,0.02400000000000002,-0.0050000000000001155
Commercial Banking,2025-04-30,Operating Expense,Operating Expense,Expense,3.881,3.766,3.891,3.623,0.11499999999999977,-0.010000000000000231
Commercial Banking,2025-04-30,Treasury Fee,Fee / Noninterest Income,Revenue,2.377,2.337,2.372,2.214,0.03999999999999959,0.004999999999999893
Commercial Banking,2025-05-31,Deposit Balance,Deposit Balance,Balance,1517.563,1492.718,1534.423,1416.552,24.845000000000027,-16.8599999999999
Commercial Banking,2025-05-31,Deposit Fee,Fee / Noninterest Income,Revenue,0.946,0.935,0.934,0.879,0.010999999999999899,0.0119999999999999
Commercial Banking,2025-05-31,FX Fee,Fee / Noninterest Income,Revenue,0.499,0.49,0.495,0.46,0.009000000000000008,0.0040000000000000036
Commercial Banking,2025-05-31,Loan Balance,Loan Balance,Balance,1695.214,1672.537,1696.26,1580.356,22.676999999999907,-1.0460000000000491
Commercial Banking,2025-05-31,Loan Interest,Net Interest Income,Revenue,5.712,5.709,5.729,5.381,0.0030000000000001137,-0.017000000000000348
Commercial Banking,2025-05-31,Merchant Fee,Fee / Noninterest Income,Revenue,1.215,1.185,1.217,1.136,0.030000000000000027,-0.0020000000000000018
Commercial Banking,2025-05-31,Operating Expense,Operating Expense,Expense,3.91,3.817,3.95,3.667,0.09299999999999997,-0.040000000000000036
Commercial Banking,2025-05-31,Treasury Fee,Fee / Noninterest Income,Revenue,2.388,2.399,2.397,2.235,-0.01100000000000012,-0.008999999999999897
Commercial Banking,2025-06-30,Deposit Balance,Deposit Balance,Balance,1522.718,1520.804,1527.015,1453.542,1.9139999999999873,-4.2970000000000255
Commercial Banking,2025-06-30,Deposit Fee,Fee / Noninterest Income,Revenue,0.956,0.955,0.969,0.898,0.0010000000000000009,-0.013000000000000012
Commercial Banking,2025-06-30,FX Fee,Fee / Noninterest Income,Revenue,0.493,0.489,0.494,0.465,0.0040000000000000036,-0.0010000000000000009
Commercial Banking,2025-06-30,Loan Balance,Loan Balance,Balance,1726.383,1695.437,1700.946,1597.786,30.94600000000014,25.437000000000126
Commercial Banking,2025-06-30,Loan Interest,Net Interest Income,Revenue,5.757,5.76,5.75,5.393,-0.0030000000000001137,0.006999999999999673
Commercial Banking,2025-06-30,Merchant Fee,Fee / Noninterest Income,Revenue,1.207,1.208,1.219,1.159,-0.0009999999999998899,-0.01200000000000001
Commercial Banking,2025-06-30,Operating Expense,Operating Expense,Expense,3.968,3.847,3.991,3.774,0.121,-0.02300000000000013
Commercial Banking,2025-06-30,Treasury Fee,Fee / Noninterest Income,Revenue,2.452,2.416,2.448,2.28,0.03600000000000003,0.0040000000000000036
Commercial Banking,2025-07-31,Deposit Balance,Deposit Balance,Balance,1546.782,1521.924,1528.165,1449.646,24.857999999999947,18.616999999999962
Commercial Banking,2025-07-31,Deposit Fee,Fee / Noninterest Income,Revenue,0.945,0.949,0.948,0.902,-0.0040000000000000036,-0.0030000000000000027
Commercial Banking,2025-07-31,FX Fee,Fee / Noninterest Income,Revenue,0.497,0.493,0.497,0.465,0.0040000000000000036,0.0
Commercial Banking,2025-07-31,Loan Balance,Loan Balance,Balance,1726.461,1706.656,1719.048,1609.997,19.805000000000064,7.413000000000011
Commercial Banking,2025-07-31,Loan Interest,Net Interest Income,Revenue,5.778,5.776,5.792,5.454,0.0019999999999997797,-0.014000000000000234
Commercial Banking,2025-07-31,Merchant Fee,Fee / Noninterest Income,Revenue,1.235,1.223,1.221,1.1520000000000001,0.01200000000000001,0.014000000000000012
Commercial Banking,2025-07-31,Operating Expense,Operating Expense,Expense,3.978,3.852,3.99,3.76,0.12600000000000033,-0.01200000000000001
Commercial Banking,2025-07-31,Treasury Fee,Fee / Noninterest Income,Revenue,2.441,2.413,2.433,2.291,0.028000000000000025,0.008000000000000007
Commercial Banking,2025-08-31,Deposit Balance,Deposit Balance,Balance,1528.162,1517.43,1533.184,1430.876,10.731999999999971,-5.0219999999999345
Commercial Banking,2025-08-31,Deposit Fee,Fee / Noninterest Income,Revenue,0.94,0.93,0.944,0.888,0.009999999999999898,-0.0040000000000000036
Commercial Banking,2025-08-31,FX Fee,Fee / Noninterest Income,Revenue,0.497,0.491,0.494,0.462,0.006000000000000005,0.0030000000000000027
Commercial Banking,2025-08-31,Loan Balance,Loan Balance,Balance,1717.974,1717.372,1725.732,1641.865,0.6019999999998618,-7.758000000000038
Commercial Banking,2025-08-31,Loan Interest,Net Interest Income,Revenue,5.756,5.765,5.733,5.449,-0.008999999999999453,0.023000000000000576
Commercial Banking,2025-08-31,Merchant Fee,Fee / Noninterest Income,Revenue,1.226,1.204,1.21,1.145,0.02200000000000002,0.016000000000000014
Commercial Banking,2025-08-31,Operating Expense,Operating Expense,Expense,3.971,3.834,3.97,3.755,0.137,0.0009999999999998899
Commercial Banking,2025-08-31,Treasury Fee,Fee / Noninterest Income,Revenue,2.43,2.394,2.431,2.2805,0.03600000000000003,-0.0009999999999998899
Commercial Banking,2025-09-30,Deposit Balance,Deposit Balance,Balance,1523.804,1512.624,1514.375,1413.82,11.180000000000064,9.429000000000087
Commercial Banking,2025-09-30,Deposit Fee,Fee / Noninterest Income,Revenue,0.934,0.934,0.935,0.881,0.0,-0.0010000000000000009
Commercial Banking,2025-09-30,FX Fee,Fee / Noninterest Income,Revenue,0.489,0.485,0.491,0.4575,0.0040000000000000036,-0.0020000000000000018
Commercial Banking,2025-09-30,Loan Balance,Loan Balance,Balance,1719.562,1670.742,1687.488,1590.791,48.819999999999936,32.07399999999984
Commercial Banking,2025-09-30,Loan Interest,Net Interest Income,Revenue,5.726,5.656,5.743,5.374,0.07000000000000028,-0.017000000000000348
Commercial Banking,2025-09-30,Merchant Fee,Fee / Noninterest Income,Revenue,1.216,1.202,1.194,1.14,0.014000000000000012,0.02200000000000002
Commercial Banking,2025-09-30,Operating Expense,Operating Expense,Expense,3.972,3.804,3.864,3.711,0.16800000000000015,0.1080000000000001
Commercial Banking,2025-09-30,Treasury Fee,Fee / Noninterest Income,Revenue,2.384,2.393,2.388,2.27,-0.008999999999999897,-0.0040000000000000036
Commercial Banking,2025-10-31,Deposit Balance,Deposit Balance,Balance,1512.065,1509.126,1506.525,1428.456,2.939000000000078,5.539999999999964
Commercial Banking,2025-10-31,Deposit Fee,Fee / Noninterest Income,Revenue,0.929,0.919,0.926,0.875,0.010000000000000009,0.0030000000000000027
Commercial Banking,2025-10-31,FX Fee,Fee / Noninterest Income,Revenue,0.49,0.477,0.483,0.453,0.013000000000000012,0.007000000000000006
Commercial Banking,2025-10-31,Loan Balance,Loan Balance,Balance,1710.719,1667.565,1681.241,1592.343,43.153999999999996,29.478000000000065
Commercial Banking,2025-10-31,Loan Interest,Net Interest Income,Revenue,5.666,5.579,5.662,5.33,0.08700000000000063,0.004000000000000448
Commercial Banking,2025-10-31,Merchant Fee,Fee / Noninterest Income,Revenue,1.2,1.1945000000000001,1.184,1.117,0.005499999999999838,0.016000000000000014
Commercial Banking,2025-10-31,Operating Expense,Operating Expense,Expense,3.933,3.772,3.873,3.688,0.16100000000000003,0.05999999999999961
Commercial Banking,2025-10-31,Treasury Fee,Fee / Noninterest Income,Revenue,2.38,2.332,2.356,2.246,0.04800000000000004,0.02400000000000002
Commercial Banking,2025-11-30,Deposit Balance,Deposit Balance,Balance,1520.457,1488.577,1475.481,1429.873,31.88000000000011,44.97600000000011
Commercial Banking,2025-11-30,Deposit Fee,Fee / Noninterest Income,Revenue,0.925,0.904,0.922,0.869,0.02100000000000002,0.0030000000000000027
Commercial Banking,2025-11-30,FX Fee,Fee / Noninterest Income,Revenue,0.4865,0.471,0.482,0.454,0.015500000000000014,0.004500000000000004
Commercial Banking,2025-11-30,Loan Balance,Loan Balance,Balance,1683.206,1670.312,1691.244,1583.047,12.894000000000005,-8.038000000000011
Commercial Banking,2025-11-30,Loan Interest,Net Interest Income,Revenue,5.655,5.542,5.632,5.239,0.11300000000000043,0.023000000000000576
Commercial Banking,2025-11-30,Merchant Fee,Fee / Noninterest Income,Revenue,1.19,1.187,1.178,1.107,0.0029999999999998916,0.01200000000000001
Commercial Banking,2025-11-30,Operating Expense,Operating Expense,Expense,3.894,3.7645,3.863,3.607,0.12950000000000017,0.03100000000000014
Commercial Banking,2025-11-30,Treasury Fee,Fee / Noninterest Income,Revenue,2.386,2.319,2.348,2.232,0.06700000000000017,0.038000000000000256
Commercial Banking,2025-12-31,Deposit Balance,Deposit Balance,Balance,1506.516,1487.95,1494.743,1404.649,18.56600000000003,11.773000000000138
Commercial Banking,2025-12-31,Deposit Fee,Fee / Noninterest Income,Revenue,0.93,0.916,0.919,0.862,0.014000000000000012,0.01100000000000001
Commercial Banking,2025-12-31,FX Fee,Fee / Noninterest Income,Revenue,0.483,0.481,0.476,0.451,0.0020000000000000018,0.007000000000000006
Commercial Banking,2025-12-31,Loan Balance,Loan Balance,Balance,1683.173,1671.847,1679.637,1567.468,11.326000000000022,3.536000000000058
Commercial Banking,2025-12-31,Loan Interest,Net Interest Income,Revenue,5.664,5.548,5.579,5.304,0.11599999999999966,0.08499999999999996
Commercial Banking,2025-12-31,Merchant Fee,Fee / Noninterest Income,Revenue,1.185,1.162,1.18,1.116,0.02300000000000013,0.0050000000000001155
Commercial Banking,2025-12-31,Operating Expense,Operating Expense,Expense,3.89,3.757,3.831,3.615,0.133,0.05900000000000016
Commercial Banking,2025-12-31,Treasury Fee,Fee / Noninterest Income,Revenue,2.395,2.322,2.355,2.211,0.07299999999999995,0.040000000000000036
Commercial Banking,2026-01-31,Deposit Balance,Deposit Balance,Balance,1515.073,1511.635,1517.135,1427.966,3.438000000000102,-2.061999999999898
Commercial Banking,2026-01-31,Deposit Fee,Fee / Noninterest Income,Revenue,0.945,0.921,0.926,0.874,0.02399999999999991,0.018999999999999906
Commercial Banking,2026-01-31,FX Fee,Fee / Noninterest Income,Revenue,0.488,0.481,0.481,0.453,0.007000000000000006,0.007000000000000006
Commercial Banking,2026-01-31,Loan Balance,Loan Balance,Balance,1715.625,1676.564,1676.623,1579.218,39.06099999999992,39.00199999999995
Commercial Banking,2026-01-31,Loan Interest,Net Interest Income,Revenue,5.735,5.572,5.635,5.296,0.16300000000000026,0.10000000000000053
Commercial Banking,2026-01-31,Merchant Fee,Fee / Noninterest Income,Revenue,1.202,1.184,1.168,1.116,0.018000000000000016,0.03400000000000003
Commercial Banking,2026-01-31,Operating Expense,Operating Expense,Expense,3.966,3.787,3.87,3.625,0.17900000000000027,0.09600000000000009
Commercial Banking,2026-01-31,Treasury Fee,Fee / Noninterest Income,Revenue,2.416,2.358,2.353,2.248,0.05799999999999983,0.06299999999999972
Commercial Banking,2026-02-28,Deposit Balance,Deposit Balance,Balance,1549.397,1489.786,1532.979,1435.448,59.610999999999876,16.417999999999893
Commercial Banking,2026-02-28,Deposit Fee,Fee / Noninterest Income,Revenue,0.949,0.924,0.943,0.882,0.02499999999999991,0.006000000000000005
Commercial Banking,2026-02-28,FX Fee,Fee / Noninterest Income,Revenue,0.495,0.483,0.493,0.464,0.01200000000000001,0.0020000000000000018
Commercial Banking,2026-02-28,Loan Balance,Loan Balance,Balance,1705.302,1692.768,1706.592,1604.824,12.533999999999878,-1.290000000000191
Commercial Banking,2026-02-28,Loan Interest,Net Interest Income,Revenue,5.85,5.653,5.663,5.363,0.19700000000000006,0.1869999999999994
Commercial Banking,2026-02-28,Merchant Fee,Fee / Noninterest Income,Revenue,1.215,1.195,1.199,1.131,0.020000000000000018,0.016000000000000014
Commercial Banking,2026-02-28,Operating Expense,Operating Expense,Expense,3.99,3.839,3.906,3.729,0.15100000000000025,0.08400000000000007
Commercial Banking,2026-02-28,Treasury Fee,Fee / Noninterest Income,Revenue,2.453,2.368,2.386,2.27,0.08499999999999996,0.06699999999999973
Commercial Banking,2026-03-31,Deposit Balance,Deposit Balance,Balance,1570.65,1565.75,1557.084,1462.82,4.900000000000091,13.566000000000031
Commercial Banking,2026-03-31,Deposit Fee,Fee / Noninterest Income,Revenue,0.969,0.948,0.958,0.891,0.02100000000000002,0.01100000000000001
Commercial Banking,2026-03-31,FX Fee,Fee / Noninterest Income,Revenue,0.509,0.501,0.492,0.465,0.008000000000000007,0.017000000000000015
Commercial Banking,2026-03-31,Loan Balance,Loan Balance,Balance,1764.587,1733.502,1737.066,1636.666,31.085000000000036,27.520999999999958
Commercial Banking,2026-03-31,Loan Interest,Net Interest Income,Revenue,5.871,5.698,5.772,5.414,0.17300000000000004,0.0990000000000002
Commercial Banking,2026-03-31,Merchant Fee,Fee / Noninterest Income,Revenue,1.244,1.207,1.226,1.154,0.03699999999999992,0.018000000000000016
Commercial Banking,2026-03-31,Operating Expense,Operating Expense,Expense,4.029,3.904,4.008,3.699,0.125,0.020999999999999908
Commercial Banking,2026-03-31,Treasury Fee,Fee / Noninterest Income,Revenue,2.482,2.432,2.453,2.294,0.050000000000000266,0.02900000000000036
Commercial Banking,2026-04-30,Deposit Balance,Deposit Balance,Balance,1616.686,1573.915,1590.661,1485.337,42.77099999999996,26.024999999999864
Commercial Banking,2026-04-30,Deposit Fee,Fee / Noninterest Income,Revenue,0.972,0.962,0.98,0.901,0.010000000000000009,-0.008000000000000007
Commercial Banking,2026-04-30,FX Fee,Fee / Noninterest Income,Revenue,0.517,0.502,0.509,0.479,0.015000000000000013,0.008000000000000007
Commercial Banking,2026-04-30,Loan Balance,Loan Balance,Balance,1832.69,1806.981,1811.012,1692.398,25.70900000000006,21.67800000000011
Commercial Banking,2026-04-30,Loan Interest,Net Interest Income,Revenue,6.09,6.02,5.997,5.648,0.07000000000000028,0.09299999999999997
Commercial Banking,2026-04-30,Merchant Fee,Fee / Noninterest Income,Revenue,1.253,1.243,1.247,1.154,0.009999999999999787,0.005999999999999783
Commercial Banking,2026-04-30,Operating Expense,Operating Expense,Expense,4.089,3.97,4.066,3.796,0.11900000000000022,0.023000000000000576
Commercial Banking,2026-04-30,Treasury Fee,Fee / Noninterest Income,Revenue,2.518,2.46,2.484,2.295,0.05799999999999983,0.03399999999999981
Commercial Banking,2026-05-31,Deposit Balance,Deposit Balance,Balance,1655.782,1620.387,1620.715,1505.49,35.39499999999998,35.06700000000001
Commercial Banking,2026-05-31,Deposit Fee,Fee / Noninterest Income,Revenue,0.996,0.987,0.983,0.908,0.009000000000000008,0.013000000000000012
Commercial Banking,2026-05-31,FX Fee,Fee / Noninterest Income,Revenue,0.516,0.511,0.517,0.477,0.0050000000000000044,-0.0010000000000000009
Commercial Banking,2026-05-31,Loan Balance,Loan Balance,Balance,1915.315,1886.039,1876.348,1751.122,29.276000000000067,38.9670000000001
Commercial Banking,2026-05-31,Loan Interest,Net Interest Income,Revenue,6.236,6.242,6.275,5.774,-0.006000000000000227,-0.03900000000000059
Commercial Banking,2026-05-31,Merchant Fee,Fee / Noninterest Income,Revenue,1.274,1.276,1.277,1.189,-0.0020000000000000018,-0.0029999999999998916
Commercial Banking,2026-05-31,Operating Expense,Operating Expense,Expense,4.174,4.023,4.146,3.786,0.1510000000000007,0.02800000000000047
Commercial Banking,2026-05-31,Treasury Fee,Fee / Noninterest Income,Revenue,2.547,2.527,2.538,2.344,0.020000000000000018,0.009000000000000341
Commercial Banking,2026-06-30,Deposit Balance,Deposit Balance,Balance,1668.554,1635.524,1626.24,1517.839,33.0300000000002,42.31400000000008
Commercial Banking,2026-06-30,Deposit Fee,Fee / Noninterest Income,Revenue,1.005,0.988,1.0,0.923,0.016999999999999904,0.004999999999999893
Commercial Banking,2026-06-30,FX Fee,Fee / Noninterest Income,Revenue,0.526,0.514,0.518,0.488,0.01200000000000001,0.008000000000000007
Commercial Banking,2026-06-30,Loan Balance,Loan Balance,Balance,1955.935,1913.668,1952.24,1794.6,42.26700000000005,3.6949999999999363
Commercial Banking,2026-06-30,Loan Interest,Net Interest Income,Revenue,6.445,6.373,6.353,5.904,0.07200000000000006,0.09200000000000053
Commercial Banking,2026-06-30,Merchant Fee,Fee / Noninterest Income,Revenue,1.27,1.272,1.273,1.17,-0.0020000000000000018,-0.0029999999999998916
Commercial Banking,2026-06-30,Operating Expense,Operating Expense,Expense,4.173,4.053,4.176,3.891,0.1200000000000001,-0.0030000000000001137
Commercial Banking,2026-06-30,Treasury Fee,Fee / Noninterest Income,Revenue,2.555,2.529,2.542,2.33,0.026000000000000245,0.013000000000000345
Commercial Real Estate,2025-04-30,Commercial Mortgage Balance,Commercial Mortgage Balance,Balance,1903.27,1878.364,1902.194,1755.5,24.90599999999995,1.0760000000000218
Commercial Real Estate,2025-04-30,Credit Provision,Credit Provision,Credit,0.461,0.456,0.461,0.429,0.0050000000000000044,0.0
Commercial Real Estate,2025-04-30,Interest Income,Net Interest Income,Revenue,6.296,6.263,6.381,5.871,0.03300000000000036,-0.08499999999999996
Commercial Real Estate,2025-04-30,Loan Servicing Fee,Fee / Noninterest Income,Revenue,0.34,0.335,0.34,0.318,0.0050000000000000044,0.0
Commercial Real Estate,2025-04-30,Nonperforming Loan Proxy,Nonperforming Loan Proxy,Balance,20.101,19.774,20.202,18.427,0.3269999999999982,-0.10100000000000264
Commercial Real Estate,2025-04-30,Operating Expense,Operating Expense,Expense,2.163,2.103,2.135,1.993,0.05999999999999961,0.028000000000000025
Commercial Real Estate,2025-04-30,Origination Fee,Fee / Noninterest Income,Revenue,0.779,0.765,0.785,0.722,0.014000000000000012,-0.006000000000000005
Commercial Real Estate,2025-04-30,Other Fee Income,Other Revenue,Revenue,0.159,0.158,0.16,0.151,0.0010000000000000009,-0.0010000000000000009
Commercial Real Estate,2025-04-30,Prepayment Fee,Fee / Noninterest Income,Revenue,0.218,0.214,0.22,0.204,0.0040000000000000036,-0.0020000000000000018
Commercial Real Estate,2025-05-31,Commercial Mortgage Balance,Commercial Mortgage Balance,Balance,1922.931,1906.897,1919.953,1807.879,16.034000000000106,2.9780000000000655
Commercial Real Estate,2025-05-31,Credit Provision,Credit Provision,Credit,0.462,0.459,0.466,0.435,0.0030000000000000027,-0.0040000000000000036
Commercial Real Estate,2025-05-31,Interest Income,Net Interest Income,Revenue,6.452,6.387,6.439,6.008,0.06500000000000039,0.0129999999999999
Commercial Real Estate,2025-05-31,Loan Servicing Fee,Fee / Noninterest Income,Revenue,0.342,0.338,0.343,0.321,0.0040000000000000036,-0.0010000000000000009
Commercial Real Estate,2025-05-31,Nonperforming Loan Proxy,Nonperforming Loan Proxy,Balance,20.277,19.955,20.202,18.755,0.32200000000000273,0.07499999999999929
Commercial Real Estate,2025-05-31,Operating Expense,Operating Expense,Expense,2.193,2.162,2.163,2.025,0.03100000000000014,0.03000000000000025
Commercial Real Estate,2025-05-31,Origination Fee,Fee / Noninterest Income,Revenue,0.79,0.784,0.788,0.741,0.006000000000000005,0.0020000000000000018
Commercial Real Estate,2025-05-31,Other Fee Income,Other Revenue,Revenue,0.162,0.159,0.162,0.151,0.0030000000000000027,0.0
Commercial Real Estate,2025-05-31,Prepayment Fee,Fee / Noninterest Income,Revenue,0.224,0.22,0.222,0.208,0.0040000000000000036,0.0020000000000000018
Commercial Real Estate,2025-06-30,Commercial Mortgage Balance,Commercial Mortgage Balance,Balance,1967.688,1937.673,1947.251,1820.428,30.0150000000001,20.437000000000126
Commercial Real Estate,2025-06-30,Credit Provision,Credit Provision,Credit,0.467,0.47,0.47,0.436,-0.002999999999999947,-0.002999999999999947
Commercial Real Estate,2025-06-30,Interest Income,Net Interest Income,Revenue,6.515,6.472,6.431,6.006,0.04299999999999926,0.08399999999999963
Commercial Real Estate,2025-06-30,Loan Servicing Fee,Fee / Noninterest Income,Revenue,0.348,0.344,0.346,0.33,0.0040000000000000036,0.0020000000000000018
Commercial Real Estate,2025-06-30,Nonperforming Loan Proxy,Nonperforming Loan Proxy,Balance,20.57,20.267,20.315,19.191,0.3030000000000008,0.254999999999999
Commercial Real Estate,2025-06-30,Operating Expense,Operating Expense,Expense,2.168,2.187,2.189,2.07,-0.018999999999999684,-0.020999999999999908
Commercial Real Estate,2025-06-30,Origination Fee,Fee / Noninterest Income,Revenue,0.801,0.792,0.795,0.749,0.009000000000000008,0.006000000000000005
Commercial Real Estate,2025-06-30,Other Fee Income,Other Revenue,Revenue,0.163,0.164,0.162,0.153,-0.0010000000000000009,0.0010000000000000009
Commercial Real Estate,2025-06-30,Prepayment Fee,Fee / Noninterest Income,Revenue,0.224,0.222,0.226,0.211,0.0020000000000000018,-0.0020000000000000018
Commercial Real Estate,2025-07-31,Commercial Mortgage Balance,Commercial Mortgage Balance,Balance,1952.86,1934.86,1935.824,1830.746,18.0,17.03599999999983
Commercial Real Estate,2025-07-31,Credit Provision,Credit Provision,Credit,0.468,0.466,0.466,0.444,0.0020000000000000018,0.0020000000000000018
Commercial Real Estate,2025-07-31,Interest Income,Net Interest Income,Revenue,6.523,6.466,6.444,6.17,0.056999999999999496,0.07899999999999974
Commercial Real Estate,2025-07-31,Loan Servicing Fee,Fee / Noninterest Income,Revenue,0.348,0.342,0.348,0.324,0.00599999999999995,0.0
Commercial Real Estate,2025-07-31,Nonperforming Loan Proxy,Nonperforming Loan Proxy,Balance,20.771,20.354,20.334,19.036,0.4170000000000016,0.43700000000000117
Commercial Real Estate,2025-07-31,Operating Expense,Operating Expense,Expense,2.211,2.168,2.194,2.068,0.042999999999999705,0.016999999999999904
Commercial Real Estate,2025-07-31,Origination Fee,Fee / Noninterest Income,Revenue,0.805,0.8,0.797,0.75,0.0050000000000000044,0.008000000000000007
Commercial Real Estate,2025-07-31,Other Fee Income,Other Revenue,Revenue,0.165,0.162,0.165,0.155,0.0030000000000000027,0.0
Commercial Real Estate,2025-07-31,Prepayment Fee,Fee / Noninterest Income,Revenue,0.224,0.223,0.225,0.211,0.0010000000000000009,-0.0010000000000000009
Commercial Real Estate,2025-08-31,Commercial Mortgage Balance,Commercial Mortgage Balance,Balance,1947.459,1925.337,1940.024,1828.17,22.12200000000007,7.435000000000173
Commercial Real Estate,2025-08-31,Credit Provision,Credit Provision,Credit,0.465,0.463,0.468,0.444,0.0020000000000000018,-0.0030000000000000027
Commercial Real Estate,2025-08-31,Interest Income,Net Interest Income,Revenue,6.499,6.425,6.46,6.097,0.07399999999999984,0.0389999999999997
Commercial Real Estate,2025-08-31,Loan Servicing Fee,Fee / Noninterest Income,Revenue,0.345,0.343,0.347,0.326,0.0019999999999999463,-0.0020000000000000018
Commercial Real Estate,2025-08-31,Nonperforming Loan Proxy,Nonperforming Loan Proxy,Balance,20.443,20.421,20.436,19.243,0.022000000000002018,0.0070000000000014495
Commercial Real Estate,2025-08-31,Operating Expense,Operating Expense,Expense,2.193,2.196,2.176,2.065,-0.0030000000000001137,0.016999999999999904
Commercial Real Estate,2025-08-31,Origination Fee,Fee / Noninterest Income,Revenue,0.798,0.797,0.797,0.742,0.0010000000000000009,0.0010000000000000009
Commercial Real Estate,2025-08-31,Other Fee Income,Other Revenue,Revenue,0.165,0.163,0.162,0.154,0.0020000000000000018,0.0030000000000000027
Commercial Real Estate,2025-08-31,Prepayment Fee,Fee / Noninterest Income,Revenue,0.226,0.224,0.223,0.213,0.0020000000000000018,0.0030000000000000027
Commercial Real Estate,2025-09-30,Commercial Mortgage Balance,Commercial Mortgage Balance,Balance,1935.627,1920.555,1928.56,1807.058,15.071999999999889,7.067000000000007
Commercial Real Estate,2025-09-30,Credit Provision,Credit Provision,Credit,0.472,0.458,0.459,0.436,0.013999999999999957,0.012999999999999956
Commercial Real Estate,2025-09-30,Interest Income,Net Interest Income,Revenue,6.506,6.3580000000000005,6.372,6.082,0.1479999999999997,0.13400000000000034
Commercial Real Estate,2025-09-30,Loan Servicing Fee,Fee / Noninterest Income,Revenue,0.346,0.338,0.34,0.324,0.007999999999999952,0.00599999999999995
Commercial Real Estate,2025-09-30,Nonperforming Loan Proxy,Nonperforming Loan Proxy,Balance,20.212,20.052,20.125,18.971,0.16000000000000014,0.08699999999999974
Commercial Real Estate,2025-09-30,Operating Expense,Operating Expense,Expense,2.16,2.165,2.146,2.016,-0.004999999999999893,0.014000000000000234
Commercial Real Estate,2025-09-30,Origination Fee,Fee / Noninterest Income,Revenue,0.798,0.791,0.789,0.744,0.007000000000000006,0.009000000000000008
Commercial Real Estate,2025-09-30,Other Fee Income,Other Revenue,Revenue,0.162,0.162,0.159,0.152,0.0,0.0030000000000000027
Commercial Real Estate,2025-09-30,Prepayment Fee,Fee / Noninterest Income,Revenue,0.221,0.221,0.223,0.211,0.0,-0.0020000000000000018
Commercial Real Estate,2025-10-31,Commercial Mortgage Balance,Commercial Mortgage Balance,Balance,1926.083,1887.394,1924.95,1831.55,38.68900000000008,1.1330000000000382
Commercial Real Estate,2025-10-31,Credit Provision,Credit Provision,Credit,0.461,0.454,0.455,0.429,0.007000000000000006,0.006000000000000005
Commercial Real Estate,2025-10-31,Interest Income,Net Interest Income,Revenue,6.396,6.291,6.299,6.019,0.10499999999999954,0.09699999999999953
Commercial Real Estate,2025-10-31,Loan Servicing Fee,Fee / Noninterest Income,Revenue,0.344,0.335,0.338,0.321,0.008999999999999952,0.00599999999999995
Commercial Real Estate,2025-10-31,Nonperforming Loan Proxy,Nonperforming Loan Proxy,Balance,20.101,19.76,20.118,18.85,0.3409999999999975,-0.01699999999999946
Commercial Real Estate,2025-10-31,Operating Expense,Operating Expense,Expense,2.15,2.132,2.133,2.025,0.017999999999999794,0.016999999999999904
Commercial Real Estate,2025-10-31,Origination Fee,Fee / Noninterest Income,Revenue,0.784,0.774,0.779,0.736,0.010000000000000009,0.0050000000000000044
Commercial Real Estate,2025-10-31,Other Fee Income,Other Revenue,Revenue,0.162,0.158,0.158,0.153,0.0040000000000000036,0.0040000000000000036
Commercial Real Estate,2025-10-31,Prepayment Fee,Fee / Noninterest Income,Revenue,0.224,0.219,0.221,0.207,0.0050000000000000044,0.0030000000000000027
Commercial Real Estate,2025-11-30,Commercial Mortgage Balance,Commercial Mortgage Balance,Balance,1907.801,1889.079,1894.634,1808.401,18.72199999999998,13.166999999999916
Commercial Real Estate,2025-11-30,Credit Provision,Credit Provision,Credit,0.458,0.457,0.452,0.43,0.0010000000000000009,0.006000000000000005
Commercial Real Estate,2025-11-30,Interest Income,Net Interest Income,Revenue,6.348,6.232,6.271,5.926,0.11599999999999966,0.07699999999999996
Commercial Real Estate,2025-11-30,Loan Servicing Fee,Fee / Noninterest Income,Revenue,0.342,0.335,0.338,0.321,0.007000000000000006,0.0040000000000000036
Commercial Real Estate,2025-11-30,Nonperforming Loan Proxy,Nonperforming Loan Proxy,Balance,20.074,19.575,19.869,18.811,0.49900000000000233,0.20500000000000185
Commercial Real Estate,2025-11-30,Operating Expense,Operating Expense,Expense,2.139,2.106,2.137,2.033,0.03299999999999992,0.0019999999999997797
Commercial Real Estate,2025-11-30,Origination Fee,Fee / Noninterest Income,Revenue,0.786,0.761,0.776,0.717,0.025000000000000022,0.010000000000000009
Commercial Real Estate,2025-11-30,Other Fee Income,Other Revenue,Revenue,0.162,0.158,0.158,0.151,0.0040000000000000036,0.0040000000000000036
Commercial Real Estate,2025-11-30,Prepayment Fee,Fee / Noninterest Income,Revenue,0.22,0.215,0.218,0.204,0.0050000000000000044,0.0020000000000000018
Commercial Real Estate,2025-12-31,Commercial Mortgage Balance,Commercial Mortgage Balance,Balance,1920.621,1895.264,1896.562,1794.393,25.3570000000002,24.059000000000196
Commercial Real Estate,2025-12-31,Credit Provision,Credit Provision,Credit,0.461,0.45,0.454,0.434,0.01100000000000001,0.007000000000000006
Commercial Real Estate,2025-12-31,Interest Income,Net Interest Income,Revenue,6.356,6.189,6.293,5.955,0.16699999999999982,0.06299999999999972
Commercial Real Estate,2025-12-31,Loan Servicing Fee,Fee / Noninterest Income,Revenue,0.343,0.336,0.338,0.319,0.007000000000000006,0.0050000000000000044
Commercial Real Estate,2025-12-31,Nonperforming Loan Proxy,Nonperforming Loan Proxy,Balance,20.157,19.615,19.752,18.617,0.5420000000000016,0.40500000000000114
Commercial Real Estate,2025-12-31,Operating Expense,Operating Expense,Expense,2.152,2.137,2.141,2.013,0.015000000000000124,0.01100000000000012
Commercial Real Estate,2025-12-31,Origination Fee,Fee / Noninterest Income,Revenue,0.786,0.763,0.786,0.735,0.02300000000000002,0.0
Commercial Real Estate,2025-12-31,Other Fee Income,Other Revenue,Revenue,0.159,0.158,0.158,0.15,0.0010000000000000009,0.0010000000000000009
Commercial Real Estate,2025-12-31,Prepayment Fee,Fee / Noninterest Income,Revenue,0.221,0.215,0.218,0.206,0.006000000000000005,0.0030000000000000027
Commercial Real Estate,2026-01-31,Commercial Mortgage Balance,Commercial Mortgage Balance,Balance,1936.944,1901.468,1913.963,1828.17,35.475999999999885,22.980999999999995
Commercial Real Estate,2026-01-31,Credit Provision,Credit Provision,Credit,0.469,0.46,0.462,0.428,0.008999999999999952,0.006999999999999951
Commercial Real Estate,2026-01-31,Interest Income,Net Interest Income,Revenue,6.366,6.314,6.376,5.978,0.0519999999999996,-0.010000000000000675
Commercial Real Estate,2026-01-31,Loan Servicing Fee,Fee / Noninterest Income,Revenue,0.341,0.334,0.34,0.319,0.007000000000000006,0.0010000000000000009
Commercial Real Estate,2026-01-31,Nonperforming Loan Proxy,Nonperforming Loan Proxy,Balance,20.198,19.895,20.021,18.772,0.3030000000000008,0.1769999999999996
Commercial Real Estate,2026-01-31,Operating Expense,Operating Expense,Expense,2.191,2.115,2.156,2.041,0.07599999999999962,0.0349999999999997
Commercial Real Estate,2026-01-31,Origination Fee,Fee / Noninterest Income,Revenue,0.792,0.773,0.781,0.729,0.019000000000000017,0.01100000000000001
Commercial Real Estate,2026-01-31,Other Fee Income,Other Revenue,Revenue,0.163,0.157,0.16,0.15,0.006000000000000005,0.0030000000000000027
Commercial Real Estate,2026-01-31,Prepayment Fee,Fee / Noninterest Income,Revenue,0.223,0.219,0.223,0.207,0.0040000000000000036,0.0
Commercial Real Estate,2026-02-28,Commercial Mortgage Balance,Commercial Mortgage Balance,Balance,1973.409,1936.707,1972.968,1816.503,36.702,0.4410000000000309
Commercial Real Estate,2026-02-28,Credit Provision,Credit Provision,Credit,0.472,0.461,0.47,0.435,0.010999999999999954,0.0020000000000000018
Commercial Real Estate,2026-02-28,Interest Income,Net Interest Income,Revenue,6.511,6.391,6.455,6.041,0.1200000000000001,0.05600000000000005
Commercial Real Estate,2026-02-28,Loan Servicing Fee,Fee / Noninterest Income,Revenue,0.352,0.34,0.345,0.322,0.011999999999999955,0.007000000000000006
Commercial Real Estate,2026-02-28,Nonperforming Loan Proxy,Nonperforming Loan Proxy,Balance,20.335,20.155,20.308,18.98,0.17999999999999972,0.027000000000001023
Commercial Real Estate,2026-02-28,Operating Expense,Operating Expense,Expense,2.217,2.143,2.158,2.04,0.07400000000000029,0.05900000000000016
Commercial Real Estate,2026-02-28,Origination Fee,Fee / Noninterest Income,Revenue,0.797,0.784,0.788,0.7375,0.013000000000000012,0.009000000000000008
Commercial Real Estate,2026-02-28,Other Fee Income,Other Revenue,Revenue,0.165,0.162,0.162,0.153,0.0030000000000000027,0.0030000000000000027
Commercial Real Estate,2026-02-28,Prepayment Fee,Fee / Noninterest Income,Revenue,0.226,0.219,0.221,0.207,0.007000000000000006,0.0050000000000000044
Commercial Real Estate,2026-03-31,Commercial Mortgage Balance,Commercial Mortgage Balance,Balance,2023.794,1993.793,1981.19,1851.536,30.001000000000204,42.60400000000004
Commercial Real Estate,2026-03-31,Credit Provision,Credit Provision,Credit,0.472,0.472,0.477,0.445,0.0,-0.0050000000000000044
Commercial Real Estate,2026-03-31,Interest Income,Net Interest Income,Revenue,6.621,6.486,6.512,6.124,0.13500000000000068,0.10900000000000087
Commercial Real Estate,2026-03-31,Loan Servicing Fee,Fee / Noninterest Income,Revenue,0.355,0.347,0.351,0.325,0.008000000000000007,0.0040000000000000036
Commercial Real Estate,2026-03-31,Nonperforming Loan Proxy,Nonperforming Loan Proxy,Balance,20.752,20.282,20.611,19.109,0.46999999999999886,0.14099999999999824
Commercial Real Estate,2026-03-31,Operating Expense,Operating Expense,Expense,2.244,2.196,2.202,2.064,0.04800000000000004,0.04200000000000026
Commercial Real Estate,2026-03-31,Origination Fee,Fee / Noninterest Income,Revenue,0.815,0.777,0.801,0.746,0.03799999999999992,0.013999999999999901
Commercial Real Estate,2026-03-31,Other Fee Income,Other Revenue,Revenue,0.167,0.162,0.165,0.154,0.0050000000000000044,0.0020000000000000018
Commercial Real Estate,2026-03-31,Prepayment Fee,Fee / Noninterest Income,Revenue,0.229,0.222,0.228,0.213,0.007000000000000006,0.0010000000000000009
Commercial Real Estate,2026-04-30,Commercial Mortgage Balance,Commercial Mortgage Balance,Balance,2052.153,2003.16,2030.332,1910.346,48.99299999999971,21.820999999999685
Commercial Real Estate,2026-04-30,Credit Provision,Credit Provision,Credit,0.526,0.525,0.525,0.486,0.0010000000000000009,0.0010000000000000009
Commercial Real Estate,2026-04-30,Interest Income,Net Interest Income,Revenue,6.67,6.56,6.584,6.127,0.11000000000000032,0.0860000000000003
Commercial Real Estate,2026-04-30,Loan Servicing Fee,Fee / Noninterest Income,Revenue,0.357,0.35,0.351,0.329,0.007000000000000006,0.006000000000000005
Commercial Real Estate,2026-04-30,Nonperforming Loan Proxy,Nonperforming Loan Proxy,Balance,21.904,21.62,21.662,19.86,0.2839999999999989,0.24200000000000088
Commercial Real Estate,2026-04-30,Operating Expense,Operating Expense,Expense,2.242,2.192,2.211,2.079,0.04999999999999982,0.03100000000000014
Commercial Real Estate,2026-04-30,Origination Fee,Fee / Noninterest Income,Revenue,0.86,0.857,0.86,0.79,0.0030000000000000027,0.0
Commercial Real Estate,2026-04-30,Other Fee Income,Other Revenue,Revenue,0.168,0.163,0.168,0.155,0.0050000000000000044,0.0
Commercial Real Estate,2026-04-30,Prepayment Fee,Fee / Noninterest Income,Revenue,0.23,0.227,0.229,0.211,0.0030000000000000027,0.0010000000000000009
Commercial Real Estate,2026-05-31,Commercial Mortgage Balance,Commercial Mortgage Balance,Balance,2093.423,2039.757,2064.323,1919.587,53.66599999999971,29.09999999999991
Commercial Real Estate,2026-05-31,Credit Provision,Credit Provision,Credit,0.574,0.575,0.527,0.536,-0.0010000000000000009,0.04699999999999993
Commercial Real Estate,2026-05-31,Interest Income,Net Interest Income,Revenue,6.681,6.535,6.698,6.134,0.1459999999999999,-0.017000000000000348
Commercial Real Estate,2026-05-31,Loan Servicing Fee,Fee / Noninterest Income,Revenue,0.355,0.35,0.353,0.327,0.0050000000000000044,0.0020000000000000018
Commercial Real Estate,2026-05-31,Nonperforming Loan Proxy,Nonperforming Loan Proxy,Balance,22.997,22.494,22.61,21.173,0.5030000000000001,0.38700000000000045
Commercial Real Estate,2026-05-31,Operating Expense,Operating Expense,Expense,2.274,2.235,2.258,2.088,0.039000000000000146,0.016000000000000014
Commercial Real Estate,2026-05-31,Origination Fee,Fee / Noninterest Income,Revenue,0.915,0.899,0.904,0.845,0.016000000000000014,0.01100000000000001
Commercial Real Estate,2026-05-31,Other Fee Income,Other Revenue,Revenue,0.17,0.167,0.167,0.156,0.0030000000000000027,0.0030000000000000027
Commercial Real Estate,2026-05-31,Prepayment Fee,Fee / Noninterest Income,Revenue,0.233,0.228,0.228,0.212,0.0050000000000000044,0.0050000000000000044
Commercial Real Estate,2026-06-30,Commercial Mortgage Balance,Commercial Mortgage Balance,Balance,2107.972,2066.87,2100.469,1937.514,41.10200000000032,7.503000000000156
Commercial Real Estate,2026-06-30,Credit Provision,Credit Provision,Credit,0.623,0.62,0.569,0.572,0.0030000000000000027,0.05400000000000005
Commercial Real Estate,2026-06-30,Interest Income,Net Interest Income,Revenue,6.719,6.592,6.58,6.064,0.12700000000000067,0.13900000000000023
Commercial Real Estate,2026-06-30,Loan Servicing Fee,Fee / Noninterest Income,Revenue,0.352,0.352,0.355,0.325,0.0,-0.0030000000000000027
Commercial Real Estate,2026-06-30,Nonperforming Loan Proxy,Nonperforming Loan Proxy,Balance,23.63,23.512,23.644,21.945,0.11799999999999855,-0.013999999999999346
Commercial Real Estate,2026-06-30,Operating Expense,Operating Expense,Expense,2.249,2.244,2.242,2.066,0.004999999999999893,0.007000000000000117
Commercial Real Estate,2026-06-30,Origination Fee,Fee / Noninterest Income,Revenue,0.961,0.951,0.971,0.891,0.010000000000000009,-0.010000000000000009
Commercial Real Estate,2026-06-30,Other Fee Income,Other Revenue,Revenue,0.166,0.166,0.165,0.154,0.0,0.0010000000000000009
Commercial Real Estate,2026-06-30,Prepayment Fee,Fee / Noninterest Income,Revenue,0.231,0.228,0.231,0.214,0.0030000000000000027,0.0
